City_ID,City,Lat,Lng,Max Temp,Humidity,Cloudiness,Wind Speed,Country,Date
0,bilibino,68.0546,166.4372,-22.79,100,96,1.12,RU,1702190391
1,auras,26.9167,80.5167,21.97,22,0,5.11,IN,1702190391
2,alvaraes,-3.2208,-64.8042,22.99,98,97,0.98,BR,1702190392
3,waitangi,-43.9535,-176.5597,10.46,95,100,1.34,NZ,1702190392
4,thompson,55.7435,-97.8558,-10.91,92,100,4.12,CA,1702190392
5,hermanus,-34.4187,19.2345,19.17,64,5,5.65,ZA,1702190392
6,port mathurin,-19.6833,63.4167,26.37,75,21,4.0,MU,1702190392
7,rockport,28.0206,-97.0544,19.0,47,75,11.83,US,1702190392
8,puerto natales,-51.7236,-72.4875,6.96,94,100,2.94,CL,1702190392
9,kanungu,-0.9575,29.7897,22.38,70,16,1.06,UG,1702190392
10,tsiombe,-25.3,45.4833,32.53,41,0,1.52,MG,1702190393
11,meulaboh,4.1363,96.1285,28.04,80,86,3.5,ID,1702190393
12,portland,45.5234,-122.6762,9.43,94,100,4.63,US,1702190291
13,aasiaat,68.7098,-52.8699,-12.14,92,99,3.74,GL,1702190393
14,adamstown,-25.066,-130.1015,21.57,76,100,2.34,PN,1702190393
15,puerto aysen,-45.4,-72.7,10.05,100,100,2.66,CL,1702190393
16,port-aux-francais,-49.35,70.2167,3.07,78,85,13.09,TF,1702190125
17,komsomolets,53.7453,62.0708,-20.62,89,44,3.19,KZ,1702190393
18,grytviken,-54.2811,-36.5092,5.43,88,75,5.36,GS,1702190393
19,bethel,41.3712,-73.414,8.01,88,100,0.0,US,1702190394
20,qarauyl,48.9451,79.255,-15.7,60,6,2.49,KZ,1702190394
21,colonel hill,22.7667,-74.2167,25.98,78,93,12.21,BS,1702190394
22,afaahiti,-17.75,-149.2833,25.93,86,88,9.85,PF,1702190394
23,talcahuano,-36.7167,-73.1167,12.63,71,24,3.54,CL,1702190240
24,usehat,27.8167,79.25,23.66,19,1,4.96,IN,1702190394
25,richards bay,-28.783,32.0377,21.36,95,100,4.56,ZA,1702190394
26,papatowai,-46.5619,169.4708,11.54,59,39,6.01,NZ,1702190394
27,ribeira grande,38.5167,-28.7,18.76,85,100,8.49,PT,1702190395
28,chibougamau,49.9168,-74.3659,2.79,93,100,6.69,CA,1702190395
29,tura,25.5198,90.2201,22.9,37,0,2.18,IN,1702190395
30,tiksi,71.6872,128.8694,-23.27,97,100,1.58,RU,1702190395
31,west island,-12.1568,96.8225,28.99,70,40,7.72,CC,1702190395
32,naze,28.3667,129.4833,21.51,79,100,4.69,JP,1702190395
33,edinburgh of the seven seas,-37.0676,-12.3116,13.3,70,100,6.59,SH,1702190395
34,strezhevoy,60.7333,77.5889,-27.8,99,23,2.68,RU,1702190396
35,stanley,54.868,-1.6985,6.4,88,40,6.69,GB,1702190396
36,khorixas,-20.3667,14.9667,22.7,32,5,3.93,NA,1702190396
37,bredasdorp,-34.5322,20.0403,19.26,63,40,3.59,ZA,1702190396
38,guelmim,28.987,-10.0574,16.19,31,0,5.14,MA,1702190396
39,coquimbo,-29.9533,-71.3436,16.46,79,0,1.89,CL,1702190396
40,saipan,15.1355,145.701,29.39,74,40,6.69,MP,1702190396
41,yellowknife,62.456,-114.3525,-9.71,92,100,5.14,CA,1702190204
42,isafjordur,66.0755,-23.124,-3.18,89,96,2.24,IS,1702190396
43,hobyo,5.3505,48.5268,28.27,68,32,9.02,SO,1702190397
44,puerto baquerizo moreno,-0.9,-89.6,23.41,90,40,4.91,EC,1702190397
45,tionk essil,12.7856,-16.5217,21.98,20,100,3.49,SN,1702190397
46,buka,40.8108,69.1986,5.17,47,50,1.51,UZ,1702190397
47,vennesla,58.2694,7.9741,0.97,93,75,6.69,NO,1702190397
48,anadyr,64.75,177.4833,-26.67,75,20,4.0,RU,1702190397
49,ushuaia,-54.8,-68.3,6.81,93,100,1.54,AR,1702190398
50,lebu,-37.6167,-73.65,11.16,87,15,7.86,CL,1702190398
51,kyren,51.6828,102.1408,-22.25,84,28,0.45,RU,1702190398
52,wailua homesteads,22.0669,-159.378,23.44,83,40,4.63,US,1702190398
53,aqadyr,48.2553,72.8483,-18.35,61,0,2.5,KZ,1702190398
54,cambria,35.5641,-121.0808,13.32,50,70,2.99,US,1702190398
55,amstetten,48.1229,14.8721,4.33,91,100,6.86,AT,1702190398
56,el charco,2.4769,-78.1105,24.29,97,41,1.61,CO,1702190399
57,dudinka,69.4058,86.1778,-27.99,96,100,1.34,RU,1702190399
58,blackmans bay,-43.0167,147.3167,17.07,62,100,0.89,AU,1702190399
59,hammerfest,70.6634,23.6821,-4.75,58,100,2.06,NO,1702190399
60,petropavlovsk-kamchatsky,53.0452,158.6483,1.33,95,100,6.71,RU,1702190399
61,crane,31.3974,-102.3501,4.61,39,0,4.18,US,1702190399
62,albany,42.6001,-73.9662,10.23,84,91,1.34,US,1702190399
63,kourou,5.1552,-52.6478,24.03,92,84,2.76,GF,1702190400
64,guarapari,-20.6667,-40.4975,22.72,90,26,4.33,BR,1702190400
65,whitehorse,60.7161,-135.0538,-9.95,90,100,2.57,CA,1702190400
66,udachny,66.4167,112.4,-30.31,74,100,3.15,RU,1702190400
67,kamaishi,39.2667,141.8833,9.69,68,58,3.88,JP,1702190400
68,chinde,26.8418,88.0763,16.38,55,29,2.83,NP,1702190401
69,alofi,-19.0595,-169.9187,24.94,83,100,2.57,NU,1702190401
70,bubaque,11.2833,-15.8333,28.15,50,100,6.07,GW,1702190401
71,punta arenas,-53.15,-70.9167,8.06,87,100,5.14,CL,1702190401
72,malanje,-9.5402,16.341,20.42,87,100,1.0,AO,1702190401
73,invercargill,-46.4,168.35,11.42,57,65,6.2,NZ,1702190402
74,robertsport,6.7533,-11.3686,26.77,84,52,2.52,LR,1702190403
75,kashgar,39.4547,75.9797,2.56,41,0,6.0,CN,1702190404
76,klaksvik,62.2266,-6.589,5.51,73,100,10.96,FO,1702190404
77,sur,22.5667,59.5289,25.96,40,0,3.53,OM,1702190406
78,revda,56.801,59.9303,-22.6,97,91,1.35,RU,1702190408
79,qaqortoq,60.7167,-46.0333,-7.08,72,68,3.26,GL,1702190409
80,zaozersk,69.4005,32.4476,-16.85,96,97,4.42,RU,1702190409
81,kirensk,57.7853,108.1119,-29.77,96,100,1.64,RU,1702190410
82,aripuana,-9.1667,-60.6333,22.44,95,49,0.6,BR,1702190382
83,poptun,16.3311,-89.4169,19.51,98,97,1.22,GT,1702190411
84,vilyuchinsk,52.9306,158.4028,2.15,99,100,7.17,RU,1702190411
85,dammam,26.4344,50.1033,21.06,88,0,3.6,SA,1702190412
86,keflavik,64.0049,-22.5624,0.24,93,75,2.57,IS,1702190413
87,poretskoye,55.1974,46.3291,-19.06,85,75,3.98,RU,1702190414
88,qorveh,35.1664,47.8045,8.58,47,1,4.13,IR,1702190414
89,hithadhoo,-0.6,73.0833,27.78,75,34,1.22,MV,1702190414
90,kodiak,57.79,-152.4072,-8.27,79,0,3.6,US,1702190414
91,queenstown,-31.8976,26.8753,11.33,88,100,2.77,ZA,1702189866
92,mehdia daira de meghila,35.4306,1.7571,4.47,67,91,2.47,DZ,1702190415
93,saint-philippe,-21.3585,55.7679,29.51,85,97,6.1,RE,1702190416
94,la'ie,21.6477,-157.9253,23.95,75,17,2.68,US,1702190416
95,sinop,41.7711,34.8709,6.68,88,100,4.06,TR,1702190416
96,ubari,26.5921,12.7805,12.1,74,44,8.8,LY,1702190416
97,rijau,11.103,5.2507,20.49,17,75,2.85,NG,1702190417
98,aliade,7.2964,8.487,24.61,61,0,1.91,NG,1702190417
99,labrador city,52.9463,-66.9114,-5.05,74,100,1.54,CA,1702190410
100,east end,34.5507,-92.341,9.94,58,89,0.89,US,1702190417
101,mahina,-17.5065,-149.489,26.87,78,40,2.06,PF,1702190417
102,poso,-1.3959,120.7524,29.93,69,100,1.75,ID,1702190418
103,hawaiian paradise park,19.5933,-154.9731,23.35,96,75,2.06,US,1702190418
104,christchurch,-43.5333,172.6333,14.95,52,100,5.66,NZ,1702190288
105,el granada,37.5027,-122.4694,12.17,53,0,2.57,US,1702190419
106,port elizabeth,-33.918,25.5701,19.06,80,75,5.66,ZA,1702190420
107,koutiala,12.3917,-5.4642,20.77,17,93,3.69,ML,1702190421
108,isnos,1.9356,-76.2406,14.82,97,77,1.35,CO,1702190421
109,ilulissat,69.2167,-51.1,-4.99,68,100,4.63,GL,1702190422
110,coahuayana de hidalgo,18.7,-103.6583,24.12,73,99,2.06,MX,1702190422
111,atafu village,-8.5421,-172.5159,27.59,84,100,9.96,TK,1702190422
112,cottage grove,44.8277,-92.9438,-2.83,81,100,7.2,US,1702190422
113,khadan khak,30.7477,67.7085,13.36,14,0,3.7,PK,1702190423
114,chonchi,-42.6128,-73.8092,7.56,91,58,0.84,CL,1702190423
115,sola,-13.8833,167.55,26.73,79,100,8.63,VU,1702190423
116,college,64.8569,-147.8028,-26.97,71,20,0.0,US,1702190424
117,puerto leguizamo,-0.1934,-74.7819,22.76,100,100,0.34,CO,1702190424
118,la ronge,55.1001,-105.2842,-15.86,85,0,1.03,CA,1702190425
119,greymouth,-42.4667,171.2,12.94,67,0,3.1,NZ,1702190425
120,touros,-5.1989,-35.4608,26.81,67,100,6.03,BR,1702190425
121,nossa senhora das dores,-10.4917,-37.1933,21.21,95,100,1.89,BR,1702190425
122,carnarvon,-24.8667,113.6333,34.25,31,0,3.45,AU,1702190426
123,sitka,57.0531,-135.33,3.94,81,40,2.57,US,1702190426
124,susuman,62.7833,148.1667,-13.34,93,100,0.45,RU,1702190426
125,ust-nera,64.5667,143.2,-14.58,98,100,2.34,RU,1702190426
126,multai,21.7667,78.25,23.19,40,0,1.01,IN,1702190427
127,acarau,-2.8856,-40.12,26.54,75,100,6.6,BR,1702190427
128,leesburg,39.1157,-77.5636,14.23,84,100,1.34,US,1702190342
129,necochea,-38.5473,-58.7368,14.44,96,67,4.3,AR,1702190427
130,vilhena,-12.7406,-60.1458,22.15,83,13,1.44,BR,1702190427
131,al burayqah,30.4062,19.5739,14.7,70,12,2.1,LY,1702190428
132,wewak,-3.5534,143.6268,28.11,84,100,7.69,PG,1702190428
133,nowy dwor mazowiecki,52.4302,20.7165,-0.84,92,75,3.6,PL,1702190428
134,chauk,20.8833,94.8167,29.39,47,9,1.59,MM,1702190428
135,cherry hill,39.9348,-75.0307,12.35,90,100,1.79,US,1702190141
136,iqaluit,63.7506,-68.5145,-5.15,92,75,0.0,CA,1702190428
137,boguchany,58.3814,97.4531,-26.75,90,50,0.89,RU,1702190429
138,fort st. john,56.2499,-120.8529,-6.06,73,100,3.6,CA,1702190429
139,georgetown,5.4112,100.3354,32.96,74,20,4.63,MY,1702190367
140,puerto deseado,-47.7503,-65.8938,12.04,76,100,8.39,AR,1702190429
141,port alfred,-33.5906,26.891,16.77,89,100,1.79,ZA,1702190429
142,timimoun,29.2639,0.231,9.21,46,11,5.66,DZ,1702190431
143,havsa,41.549,26.8221,2.48,82,100,1.47,TR,1702190431
144,nantucket,41.2835,-70.0995,9.08,96,40,2.57,US,1702190394
145,kristiansund,63.1115,7.732,1.36,55,20,0.0,NO,1702190431
146,fortuna,40.5982,-124.1573,5.75,100,0,4.12,US,1702190431
147,taoudenni,22.6783,-3.9836,17.44,28,52,7.61,ML,1702190432
148,nizhnyaya poyma,56.1622,97.1933,-23.8,87,29,1.5,RU,1702190432
149,nova sintra,14.8667,-24.7167,22.3,72,81,7.09,CV,1702190432
150,okhotsk,59.3833,143.3,-1.79,90,100,17.38,RU,1702190432
151,montevideo,-34.8335,-56.1674,18.23,88,0,1.54,UY,1702190404
152,sechura,-5.5569,-80.8222,20.78,81,75,5.39,PE,1702190432
153,lihue,21.9789,-159.3672,23.77,75,40,4.63,US,1702190432
154,jijel,36.8205,5.7667,7.97,81,0,1.54,DZ,1702190433
155,iskateley,67.6803,53.1512,-22.77,91,93,4.92,RU,1702190433
156,utrik,11.2278,169.8474,27.31,79,44,8.76,MH,1702190433
157,arraial do cabo,-22.9661,-42.0278,22.71,74,28,3.67,BR,1702190433
158,camana,-16.6228,-72.7111,19.15,84,100,2.43,PE,1702190433
159,mil'kovo,55.6078,37.7956,-11.73,93,100,5.41,RU,1702190434
160,guadalupe,25.6833,-100.25,19.08,29,20,7.72,MX,1702190304
161,margaret river,-33.95,115.0667,23.02,44,0,6.56,AU,1702190434
162,hirara,24.8,125.2833,26.92,65,20,6.69,JP,1702190434
163,bati,11.1833,40.0167,19.62,46,9,3.09,ET,1702190434
164,kavieng,-2.5744,150.7967,26.69,85,100,4.73,PG,1702190434
165,vel'sk,61.0701,42.0983,-19.29,100,100,0.89,RU,1702190434
166,jamestown,42.097,-79.2353,11.92,97,100,3.6,US,1702190435
167,wainwright,52.839,-110.8572,-4.75,81,100,3.77,CA,1702190435
168,rawson,-43.3002,-65.1023,16.71,49,81,6.12,AR,1702190435
169,fort bragg,35.139,-79.006,17.32,92,100,2.06,US,1702190435
170,puerto ayora,-0.7393,-90.3518,24.19,96,62,1.34,EC,1702190435
171,cabo san lucas,22.8909,-109.9124,22.51,78,0,1.19,MX,1702190362
172,asyqata,40.8994,68.3611,4.39,55,65,1.39,KZ,1702190436
173,weno,7.4515,151.8468,28.97,79,100,6.17,FM,1702190436
174,lerwick,60.1545,-1.1494,8.0,90,100,8.58,GB,1702190436
175,twin falls,42.3505,-114.6445,-1.81,69,100,4.63,US,1702190436
176,taroa,8.7058,171.2275,27.68,83,36,8.78,MH,1702190436
177,aykhal,66.0,111.5,-29.13,99,99,1.91,RU,1702190436
178,north platte,41.1239,-100.7654,-9.06,73,0,2.06,US,1702190437
179,north little rock,34.7695,-92.2671,10.08,51,100,7.72,US,1702190437
180,el vigia,8.6219,-71.6506,23.85,80,4,2.1,VE,1702190437
181,roma,43.2128,-75.4557,10.46,75,100,3.09,US,1702190437
182,kolyvan',55.3053,82.7391,-28.21,86,100,1.5,RU,1702190437
183,chegdomyn,51.1167,133.0167,-23.13,88,100,0.96,RU,1702190438
184,aldan,58.6031,125.3894,-32.29,98,100,1.89,RU,1702190438
185,holualoa,19.6228,-155.9522,22.91,84,0,2.06,US,1702190438
186,port moresby,-9.4431,147.1797,29.68,70,40,6.17,PG,1702190438
187,peace river,56.2501,-117.286,-5.83,79,100,3.09,CA,1702190235
188,asaita,11.5636,41.4394,26.97,42,1,5.89,ET,1702190438
189,vuktyl,63.8567,57.3094,-30.5,100,93,0.89,RU,1702190438
190,visakhapatnam,17.69,83.2093,28.94,39,40,3.09,IN,1702190406
191,bareilly,28.35,79.4167,22.66,20,4,5.07,IN,1702190439
192,san patricio,28.017,-97.5169,18.97,37,100,10.28,US,1702190439
193,east london,-33.0153,27.9116,15.52,88,100,4.12,ZA,1702190439
194,abaza,52.655,90.0928,-19.84,87,71,1.64,RU,1702190439
195,olonkinbyen,70.9221,-8.7187,-5.77,62,25,3.21,SJ,1702190439
196,walvis bay,-22.9575,14.5053,15.61,94,100,2.06,NA,1702190440
197,kununurra,-15.7667,128.7333,36.99,41,32,3.6,AU,1702190440
198,nova vicosa,-17.8919,-39.3719,24.03,86,100,2.8,BR,1702190265
199,at taj,24.2049,23.2857,16.67,32,0,2.67,LY,1702190440
200,porto novo,6.4965,2.6036,26.91,81,5,1.49,BJ,1702190440
201,sinabang,2.4803,96.3801,27.73,78,98,1.81,ID,1702190440
202,mar del plata,-38.0023,-57.5575,17.19,86,100,4.92,AR,1702190441
203,sandnessjoen,66.0217,12.6316,-3.71,79,99,10.19,NO,1702190441
204,ancud,-41.8697,-73.8203,10.05,94,15,0.57,CL,1702190441
205,ngereklmadel,7.4883,134.4856,31.05,66,75,5.14,PW,1702190441
206,idfu,24.9803,32.8747,21.15,42,100,1.33,EG,1702190441
207,codrington,-38.2667,141.9667,15.57,88,100,7.61,AU,1702190441
208,usogorsk,63.4106,48.6872,-27.96,100,34,1.78,RU,1702190441
209,hovd,48.0056,91.6419,-14.54,67,15,1.7,MN,1702190442
210,obihiro,42.9172,143.2044,2.67,59,1,8.76,JP,1702190442
211,terrace,54.5163,-128.6035,0.95,100,75,2.06,CA,1702190195
212,ukwa,21.9667,80.4667,24.63,37,0,1.02,IN,1702190442
213,san antonio de pale,-1.4014,5.6325,27.34,76,78,4.25,GQ,1702190442
214,tynda,55.1667,124.7167,-27.33,76,77,3.68,RU,1702190442
215,klyuchi,52.2667,79.1667,-18.41,61,11,1.77,RU,1702190442
216,laishevo,55.4046,49.5504,-23.77,95,24,4.1,RU,1702190443
217,olyokminsk,60.3736,120.4264,-26.61,89,100,3.92,RU,1702190443
218,berezovyy,51.6667,135.7,-18.46,62,4,4.0,RU,1702190443
219,auerbach,50.5167,12.4,5.57,88,99,6.14,DE,1702190443
220,burang,30.25,81.1667,-3.42,48,0,2.68,CN,1702190443
221,nuuk,64.1835,-51.7216,-2.66,86,20,2.06,GL,1702190443
222,fale old settlement,-9.3852,-171.2468,28.61,78,100,5.84,TK,1702190444
223,antsiranana,-12.2787,49.2917,30.42,66,40,6.17,MG,1702190444
224,mata-utu,-13.2816,-176.1745,28.82,70,95,2.27,WF,1702190444
225,namibe,-15.1961,12.1522,23.95,81,93,4.08,AO,1702190444
226,batang,-6.4846,110.7083,31.73,57,100,1.12,ID,1702190444
227,kutum,14.2,24.6667,21.42,12,11,3.37,SD,1702190444
228,al ghayzah,16.2079,52.176,26.25,48,47,0.84,YE,1702190445
229,angel r. cabada,18.5833,-95.4333,23.64,91,100,0.55,MX,1702190445
230,alo,7.4178,6.7371,25.47,72,0,1.18,NG,1702190445
231,nacala,-14.5428,40.6728,30.62,59,75,5.01,MZ,1702190445
232,longyearbyen,78.2186,15.6401,-6.09,68,75,4.63,SJ,1702190163
233,monte patria,-30.6919,-70.9467,23.24,31,0,0.11,CL,1702190445
234,tazovsky,67.4667,78.7,-36.15,98,37,2.39,RU,1702190445
235,ballycastle,55.2044,-6.243,6.25,92,100,4.47,GB,1702190445
236,barreirinha,-2.7933,-57.07,24.04,93,100,0.26,BR,1702190446
237,vylkove,45.4021,29.586,2.74,86,100,2.1,UA,1702190446
238,vorgashor,67.5833,63.95,-25.25,100,90,2.03,RU,1702190446
239,ciudad lazaro cardenas,17.9583,-102.2,24.76,78,100,1.78,MX,1702190446
240,flying fish cove,-10.4217,105.6791,28.82,61,24,4.63,CX,1702190446
241,yanjiang,30.1211,104.6481,15.81,62,100,1.48,CN,1702190446
242,saldanha,-33.0117,17.9442,22.03,55,0,4.63,ZA,1702190446
243,mthatha,-31.5889,28.7844,14.31,88,100,2.06,ZA,1702190447
244,praia da vitoria,38.7333,-27.0667,18.14,82,40,6.07,PT,1702190447
245,rudnya,54.947,31.0934,-10.1,95,100,4.03,RU,1702190447
246,santa cruz del sur,20.7147,-77.9956,23.86,90,84,5.92,CU,1702190447
247,la sarre,48.8002,-79.1996,2.87,84,100,6.92,CA,1702190220
248,geraldton,-28.7667,114.6,35.23,9,0,9.26,AU,1702190447
249,kapoeta,4.7717,33.5903,31.28,33,62,10.01,SS,1702190447
250,dongola,19.1667,30.4833,23.2,16,16,2.04,SD,1702190447
251,pijino del carmen,9.3291,-74.453,25.0,86,7,0.63,CO,1702190448
252,tateyama,34.9833,139.8667,16.17,50,0,1.34,JP,1702190448
253,pariaman,-0.619,100.12,31.03,82,100,3.38,ID,1702190448
254,pascagoula,30.3658,-88.5561,22.4,96,100,2.57,US,1702190448
255,champerico,14.3,-91.9167,25.42,80,0,1.46,GT,1702190448
256,tapes,-30.6733,-51.3958,19.62,83,92,6.44,BR,1702190448
257,mokhsogollokh,61.4681,128.9203,-28.57,91,100,3.8,RU,1702190448
258,kabala,9.5833,-11.55,18.73,30,100,1.07,SL,1702190448
259,kenai,60.5544,-151.2583,-7.14,93,100,3.6,US,1702190449
260,talnakh,69.4865,88.3972,-28.22,99,100,3.37,RU,1702190449
261,lalibela,12.0333,39.0333,19.14,42,5,2.19,ET,1702190449
262,hadibu,12.65,54.0333,26.5,63,78,5.45,YE,1702190449
263,bullsbrook,-31.6667,116.0,31.61,11,0,7.72,AU,1702190449
264,itaituba,-4.2761,-55.9836,23.88,98,100,0.38,BR,1702190294
265,belyy yar,53.6039,91.3903,-26.06,76,80,1.0,RU,1702190449
266,luganville,-15.5333,167.1667,25.84,82,100,5.01,VU,1702190449
267,bordighera,43.7806,7.6645,12.97,88,0,0.99,IT,1702190450
268,kralendijk,12.15,-68.2667,27.99,78,75,8.23,BQ,1702190450
269,shubarshi,48.5872,57.1869,-10.72,39,93,6.73,KZ,1702190450
270,krasnobrodskiy,54.1581,86.4486,-23.78,87,100,1.02,RU,1702190450
271,morehead city,34.7229,-76.726,20.0,86,100,2.06,US,1702190450
272,siruguppa,15.6333,76.9,30.41,40,23,4.29,IN,1702190450
273,nemuro,43.3236,145.575,1.95,66,84,5.34,JP,1702190450
274,el copey,10.1503,-73.9614,25.09,77,11,0.98,CO,1702190450
275,uturoa,-16.7333,-151.4333,26.96,81,37,8.7,PF,1702190451
276,xingcheng,40.6167,120.7167,-4.72,27,100,9.08,CN,1702190451
277,willowmore,-33.2926,23.4895,15.46,51,3,3.69,ZA,1702190451
278,saint-joseph,-21.3667,55.6167,28.95,82,99,4.79,RE,1702190451
279,heunghae,36.1125,129.3522,12.84,77,100,4.21,KR,1702190451
280,sisimiut,66.9395,-53.6735,-4.95,85,100,4.39,GL,1702190451
281,salmon arm,50.6998,-119.3024,0.24,93,100,0.0,CA,1702190451
282,soio,-6.1349,12.3689,27.05,81,93,2.71,AO,1702190452
283,avarua,-21.2078,-159.775,26.03,83,75,10.29,CK,1702190452
284,machico,32.7,-16.7667,20.56,77,75,3.09,PT,1702190452
285,remire-montjoly,4.9167,-52.2667,24.02,94,0,0.51,GF,1702190452
286,jwaneng,-24.6004,24.7303,25.25,50,100,5.87,BW,1702190452
287,pundong,-7.9522,110.3486,29.75,64,75,5.0,ID,1702190452
288,kurchatov,51.6601,35.6521,-3.66,94,100,4.73,RU,1702190452
289,kudat,6.8837,116.8477,29.96,79,40,2.57,MY,1702190452
290,nar'yan-mar,67.6713,53.087,-22.72,91,96,4.92,RU,1702190453
291,tambura,5.6,27.4667,29.59,33,8,1.54,SS,1702190453
292,nizhneangarsk,55.7833,109.55,-24.44,80,39,2.68,RU,1702190453
293,armacao de buzios,-22.7469,-41.8817,22.03,81,22,2.87,BR,1702190453
294,smirnykh,49.75,142.8333,-15.58,77,43,3.51,RU,1702190453
295,san jose del guaviare,2.5729,-72.6459,22.69,99,77,1.02,CO,1702190453
296,harstad,68.799,16.5293,-1.58,75,100,10.73,NO,1702190453
297,badger,64.8,-147.5333,-27.02,74,0,0.0,US,1702190453
298,picos,-7.0769,-41.4669,24.45,69,78,1.2,BR,1702190453
299,maintirano,-18.0667,44.0167,32.83,54,0,3.22,MG,1702190454
300,minas de marcona,-15.2119,-75.1103,14.43,84,80,3.81,PE,1702190454
301,dunedin,-45.8742,170.5036,12.67,65,56,2.11,NZ,1702190454
302,vadso,70.0744,29.7487,-11.91,79,100,9.26,NO,1702190454
303,la paz,-16.5,-68.15,9.99,87,75,2.06,BO,1702190454
304,manokwari,-0.8667,134.0833,27.35,83,100,2.69,ID,1702190454
305,hoeyang,38.7103,127.5983,5.34,87,100,2.71,KP,1702190454
306,castelli,-25.9468,-60.6195,21.34,98,89,3.36,AR,1702190454
307,larkird,35.4894,66.6641,10.7,23,100,2.8,AF,1702190455
308,bikenibeu village,1.3673,173.1241,29.98,79,40,1.54,KI,1702190455
309,puerto penasco,31.3167,-113.5333,16.05,26,0,8.68,MX,1702190455
310,kolpashevo,58.3131,82.9089,-28.27,97,98,2.68,RU,1702190455
311,arawa,-6.2132,155.5367,27.42,85,100,0.07,PG,1702190455
312,oranjemund,-28.55,16.4333,18.27,68,3,3.96,NA,1702190455
313,fort mcmurray,56.7268,-111.381,-8.23,86,100,3.6,CA,1702190234
314,blagoveshchenka,52.8333,79.8667,-19.64,80,64,2.07,RU,1702190455
315,kapa'a,22.0752,-159.319,24.18,83,40,4.63,US,1702190456
316,polyarnyy,69.1989,33.4478,-13.66,94,100,7.47,RU,1702190456
317,brisas de zicatela,15.8369,-97.0419,25.85,74,92,1.39,MX,1702190456
318,kushiro,42.975,144.3747,2.53,38,20,6.69,JP,1702190456
319,rondonopolis,-16.4708,-54.6356,23.53,82,30,0.68,BR,1702190456
320,santos,-23.9608,-46.3336,22.34,59,40,1.34,BR,1702190456
321,oltinko'l,40.8011,72.1634,7.32,50,13,0.81,UZ,1702190456
322,grande prairie,55.1667,-118.8027,-9.9,92,0,0.0,CA,1702190456
323,laascaanood,8.4774,47.3597,24.55,53,37,5.18,SO,1702190456
324,songjianghe,42.1859,127.479,-9.86,58,100,1.63,CN,1702190457
325,armavir,44.9892,41.1234,4.75,92,100,6.42,RU,1702190457
326,langzhong,31.5504,105.9938,13.71,80,100,1.38,CN,1702190457
327,dashitou,43.3067,128.5114,-12.15,57,10,4.75,CN,1702190457
328,lycksele,64.5954,18.6735,-9.07,86,100,1.54,SE,1702190457
329,thurgoona,-36.0451,146.9919,35.45,94,84,1.79,AU,1702190457
330,tamanrasset,22.785,5.5228,8.95,29,0,2.06,DZ,1702190457
331,turbat,26.0023,63.044,26.35,15,0,3.27,PK,1702190458
332,opuwo,-18.0607,13.84,24.29,26,91,2.1,NA,1702190458
333,keetmanshoop,-26.5833,18.1333,17.51,48,0,5.14,NA,1702190458
334,valparaiso,-33.0393,-71.6273,19.71,56,0,0.0,CL,1702190458
335,bardai,11.65,7.2333,18.39,18,100,3.87,NG,1702190458
336,lompoc,34.6391,-120.4579,14.96,74,0,3.6,US,1702190458
337,masindi port,1.6961,32.0861,23.51,77,57,1.75,UG,1702190458
338,tarko-sale,64.9225,77.785,-39.62,100,45,1.17,RU,1702190458
339,pisco,-13.7,-76.2167,20.03,77,0,1.03,PE,1702190458
340,cles,46.3667,11.0333,0.65,100,5,2.81,IT,1702190459
341,ghadamis,30.1337,9.5007,10.01,87,5,4.19,LY,1702190459
342,ghat,24.9647,10.1728,9.76,55,5,4.58,LY,1702190459
343,klamath falls,42.2249,-121.7817,-1.18,84,0,0.45,US,1702190459
344,qamdo,31.1667,97.2333,1.14,27,19,2.06,CN,1702190459
345,dwarka,22.2394,68.9678,26.04,34,0,4.76,IN,1702190459
346,mindelo,16.8901,-24.9804,21.75,88,20,4.12,CV,1702190459
347,jabor,5.921,169.6434,27.94,81,25,7.38,MH,1702190459
348,abilene,32.4487,-99.7331,4.41,51,0,4.12,US,1702190460
349,suva,-18.1416,178.4415,25.71,78,75,3.6,FJ,1702190460
350,gemena,3.25,19.7667,26.57,71,98,0.95,CD,1702190460
351,kisanga,-7.4362,37.7034,28.61,71,22,2.11,TZ,1702190460
352,kailua-kona,19.6406,-155.9956,24.98,83,0,2.06,US,1702190460
353,yuzhno-kurilsk,44.0306,145.8556,0.76,76,98,8.07,RU,1702190460
354,erdenet,49.0333,104.0833,-21.13,89,83,1.07,MN,1702190461
355,colby,39.3958,-101.0524,-9.97,73,0,3.6,US,1702190461
356,cam ranh,11.9214,109.1591,28.98,70,40,5.66,VN,1702190461
357,puerto madryn,-42.7692,-65.0385,17.46,45,100,5.34,AR,1702190327
358,porbandar,21.6422,69.6093,27.99,34,0,2.57,IN,1702190461
359,tolanaro,-25.0319,46.9987,29.04,61,20,8.23,MG,1702190461
360,west kelowna,49.8625,-119.5833,3.36,88,100,1.34,CA,1702190461
361,wynyard,-41.0,145.7167,15.94,71,100,2.39,AU,1702190462
362,poltavka,54.3663,71.7632,-25.58,96,96,2.24,RU,1702190462
363,loango,-4.6719,11.8312,27.44,74,97,1.66,CG,1702190462
364,arroyo,41.6096,-4.7969,13.45,78,40,4.12,ES,1702190462
365,ilebo,-4.3167,20.5833,25.83,74,99,0.93,CD,1702190462
366,gamba,-2.65,10.0,27.31,81,83,3.45,GA,1702190462
367,calvi,42.5,8.8333,11.35,62,20,5.66,FR,1702190462
368,mbanza kongo,-6.267,14.2401,24.37,83,65,1.35,AO,1702190463
369,borodulikha,50.7184,80.9295,-20.72,79,13,2.46,KZ,1702190463
370,port lincoln,-34.7333,135.8667,13.47,92,100,9.77,AU,1702190178
371,santa vitoria,-18.8386,-50.1214,24.09,69,0,1.92,BR,1702190463
372,jamiltepec,16.2833,-97.8167,21.24,78,100,1.37,MX,1702190463
373,puerto boyaca,5.9758,-74.5885,22.7,97,68,0.86,CO,1702190414
374,cockburn town,21.4612,-71.1419,26.39,76,100,11.83,TC,1702190435
375,barakani,-12.1356,44.4317,28.17,76,88,4.8,KM,1702190463
376,sawakin,19.1059,37.3321,28.12,69,35,3.86,SD,1702190463
377,hiratacho,35.4333,132.8167,19.01,72,40,3.6,JP,1702190464
378,medeiros neto,-17.3739,-40.2206,21.94,94,100,2.62,BR,1702190464
379,alfredo v. bonfil,21.0833,-86.85,25.97,83,0,2.57,MX,1702190464
380,sakaiminato,35.55,133.2333,18.99,77,75,5.14,JP,1702190464
381,borogontsy,62.6683,131.1683,-35.59,98,100,2.91,RU,1702190464
382,hasaki,35.7333,140.8333,19.22,55,5,1.54,JP,1702190464
383,ringkobing,56.0901,8.244,2.79,97,100,10.29,DK,1702190464
384,stettler,52.3168,-112.7186,-9.58,97,100,0.51,CA,1702190465
385,darnah,32.767,22.6367,15.94,60,97,4.64,LY,1702190465
386,menaka,15.9182,2.4022,21.27,16,100,4.31,ML,1702190465
387,glendive,47.1053,-104.7125,-4.02,93,0,4.12,US,1702190465
388,el bauga,18.262,33.9081,25.91,25,31,2.38,SD,1702190465
389,hamilton,39.1834,-84.5333,7.74,90,0,4.02,US,1702189962
390,guerrero negro,27.9769,-114.0611,17.73,42,0,0.52,MX,1702190381
391,freetown,8.484,-13.2299,25.84,94,40,1.54,SL,1702190465
392,katsuura,35.1333,140.3,15.97,60,3,0.98,JP,1702190465
393,plastun,44.7561,136.2939,-12.83,53,1,6.65,RU,1702190466
394,lijiang,26.8688,100.2207,15.32,32,0,3.29,CN,1702190313
395,luderitz,-26.6481,15.1594,20.47,48,0,10.76,NA,1702190466
396,bangkalan,-7.0455,112.7351,30.97,67,100,3.23,ID,1702190333
397,tranqueras,-31.2,-55.75,12.9,98,9,1.99,UY,1702190466
398,side,36.7667,31.3885,15.22,63,100,1.59,TR,1702190466
399,yung shue wan,22.2333,114.1167,27.68,86,47,6.51,HK,1702190466
400,ruangwa,-10.0667,38.9333,28.38,67,42,2.0,TZ,1702190466
401,suntar,62.1444,117.6319,-26.94,93,100,3.62,RU,1702190467
402,killingly center,41.8387,-71.8692,9.16,93,97,1.54,US,1702190467
403,hotan,37.0997,79.9269,12.76,10,9,3.47,CN,1702190467
404,bantilan,14.7519,121.6656,28.22,77,10,5.88,PH,1702190467
405,yamada,39.4667,141.95,9.77,66,14,3.21,JP,1702190467
406,amahai,-3.3333,128.9167,28.16,74,100,0.92,ID,1702190467
407,larroque,-33.036,-59.0013,14.92,79,0,1.95,AR,1702190467
408,birjand,32.8663,59.2211,13.26,21,0,2.06,IR,1702190467
409,navashino,55.5292,42.2003,-12.36,91,100,4.85,RU,1702190468
410,valentin gomez farias,28.2167,-106.5833,4.36,28,0,2.25,MX,1702190468
411,novyy urengoy,66.0833,76.6333,-37.86,100,27,1.46,RU,1702190468
412,susangerd,31.5608,48.1831,22.5,43,17,1.41,IR,1702190468
413,kemijarvi,66.7131,27.4306,-12.08,94,100,3.22,FI,1702190468
414,kalawit,8.0667,122.5167,28.4,80,99,4.94,PH,1702190468
415,cidreira,-30.1811,-50.2056,20.1,83,99,8.36,BR,1702190468
416,wajir,1.7471,40.0573,26.98,78,40,3.6,KE,1702190468
417,grand rapids,42.9634,-85.6681,4.5,75,100,9.26,US,1702190414
418,hilo,19.7297,-155.09,23.49,95,75,2.06,US,1702190300
419,colonia,50.9333,6.95,11.01,68,100,10.8,DE,1702190382
420,peskovka,59.0448,52.3606,-27.58,99,29,0.85,RU,1702190469
421,yelizovo,53.1873,158.3805,2.08,83,100,7.15,RU,1702190469
422,mount isa,-20.7333,139.5,39.87,20,100,3.6,AU,1702190469
423,richboro,40.2151,-75.0107,10.62,89,40,2.06,US,1702190469
424,nagqu,31.5,92.0,-2.31,20,0,4.52,CN,1702190469
425,al bayda',32.7627,21.7551,11.95,65,92,4.08,LY,1702190470
426,arish,31.1316,33.7984,12.1,76,0,1.03,EG,1702190470
427,bambanglipuro,-7.95,110.2833,29.39,65,65,4.94,ID,1702190470
428,nishinoomote,30.7333,131.0,22.31,60,40,4.63,JP,1702190470
429,gadzhiyevo,69.2551,33.3362,-14.45,95,100,7.05,RU,1702190470
430,basna,21.2833,82.8167,25.31,45,0,0.25,IN,1702190470
431,al marsa,36.8782,10.3247,13.94,82,20,3.6,TN,1702190470
432,villa bruzual,9.3328,-69.1208,23.69,89,85,1.06,VE,1702190471
433,springbok,-29.6643,17.8865,16.32,51,0,5.66,ZA,1702190471
434,prineville,44.2999,-120.8345,7.84,59,100,2.06,US,1702190471
435,nsanje,-16.92,35.262,38.25,32,6,1.6,MW,1702190471
436,kiunga,-6.1219,141.2906,27.06,95,84,1.14,PG,1702190471
437,nelson bay,-32.7167,152.15,28.03,77,0,12.07,AU,1702190471
438,butembo,0.15,29.2833,18.06,89,71,0.33,CD,1702190471
439,mutuali,-14.8706,37.0044,30.96,44,8,3.01,MZ,1702190471
440,grand falls-windsor,48.9332,-55.6649,-0.28,81,6,1.27,CA,1702190472
441,thaton,16.9206,97.3714,29.63,69,85,2.89,MM,1702190472
442,ribas do rio pardo,-20.4431,-53.7592,23.51,87,0,1.57,BR,1702190252
443,island harbour,50.724,-1.2758,11.07,88,100,2.24,GB,1702190472
444,zhezqazghan,47.7833,67.7667,-18.68,65,20,3.0,KZ,1702190472
445,shahrud,36.4182,54.9763,9.88,41,5,2.08,IR,1702190472
446,westport,41.1415,-73.3579,10.01,90,100,0.0,US,1702190472
447,vernon,50.2581,-119.2691,1.45,89,100,2.57,CA,1702190417
448,piti village,13.4626,144.6933,31.49,77,40,7.2,GU,1702190472
449,patterson,37.4716,-121.1297,10.13,48,37,0.85,US,1702190473
450,bamboo flat,11.7,92.7167,30.05,74,40,3.6,IN,1702190473
451,spring creek,40.7266,-115.5859,-3.17,48,99,1.79,US,1702190473
452,erenhot,43.6475,111.9767,-9.17,30,100,7.92,CN,1702190473
453,yacuiba,-22.038,-63.6797,23.62,79,100,3.32,BO,1702190473
454,coron,11.9986,120.2043,30.53,59,60,1.67,PH,1702190473
455,malango,-2.9627,119.9001,24.46,90,100,0.36,ID,1702190473
456,broome,42.2506,-75.833,8.9,86,20,4.12,US,1702190473
457,ashland,40.8167,-82.2665,8.98,93,100,5.16,US,1702190473
458,stornoway,58.2093,-6.3865,8.98,94,75,7.72,GB,1702190474
459,qui nhon,13.7667,109.2333,26.54,73,20,2.4,VN,1702190474
460,statesboro,32.4488,-81.7832,17.89,95,0,2.06,US,1702190474
461,abu dhabi,24.4667,54.3667,26.08,100,0,2.06,AE,1702190474
462,laguna,38.421,-121.4238,9.41,88,0,0.0,US,1702190474
463,satun,6.8333,100.0,30.0,78,56,1.55,TH,1702190474
464,paradise point,-27.8863,153.3957,28.01,68,46,2.24,AU,1702190474
465,gutao,37.2025,112.1781,0.5,82,100,6.8,CN,1702190475
466,ola,59.5833,151.2833,-3.25,79,100,11.01,RU,1702190475
467,adigrat,14.277,39.462,15.49,57,44,1.13,ET,1702190475
468,howard springs,-12.497,131.047,35.55,64,100,4.02,AU,1702190475
469,fonte boa,-2.4959,-66.2662,23.19,99,76,0.3,BR,1702190475
470,frontera,26.9333,-101.45,13.27,30,0,1.79,MX,1702190475
471,kostomuksha,64.571,30.5767,-12.2,94,100,4.02,RU,1702190475
472,callao,-12.0667,-77.15,21.51,77,0,2.57,PE,1702190475
473,magadan,59.5667,150.8,-3.59,81,100,11.03,RU,1702190476
474,alice springs,-23.7,133.8833,15.75,67,100,7.72,AU,1702190476
475,eastham,41.8301,-69.9739,8.33,83,20,0.89,US,1702190476
476,tonnay-charente,45.95,-0.9,10.98,95,100,4.53,FR,1702190476
477,bijapur,16.8333,75.7,27.57,43,15,3.64,IN,1702190476
478,riasi,33.0833,74.8333,22.29,16,0,1.37,IN,1702190476
479,gornopravdinsk,60.05,69.9,-30.28,89,14,2.54,RU,1702190476
480,nizhniy kuranakh,58.8353,125.4869,-29.53,95,100,3.0,RU,1702190476
481,rodolfo sanchez taboada,31.7167,-116.5667,12.28,31,4,2.24,MX,1702190214
482,villa yapacani,-17.4,-63.8333,23.94,80,98,1.46,BO,1702190477
483,laramie,41.3114,-105.5911,-6.14,52,0,8.75,US,1702190185
484,tianchang,37.9981,114.0156,-0.68,76,100,2.99,CN,1702190477
485,karratha,-20.7377,116.8463,35.05,23,0,7.25,AU,1702190477
486,pontes e lacerda,-15.2261,-59.3353,24.12,76,67,0.89,BR,1702190477
487,mount gambier,-37.8333,140.7667,14.45,70,100,6.49,AU,1702190477
488,saeby,57.3319,10.5225,3.31,91,100,11.35,DK,1702190478
489,mansa,29.9833,75.3833,23.88,15,0,3.89,IN,1702190478
490,muborak,39.2553,65.1528,10.53,48,100,3.38,UZ,1702190478
491,whakatane,-37.9585,176.9854,20.28,84,99,1.23,NZ,1702190478
492,mahanoro,-19.9,48.8,29.61,64,58,2.79,MG,1702190478
493,wagar,16.1525,36.2032,28.6,43,26,2.15,SD,1702190478
494,capesterre-belle-eau,16.0432,-61.566,25.65,67,1,7.6,GP,1702190478
495,huarmey,-10.0681,-78.1522,19.49,89,100,2.7,PE,1702190479
496,muynoq,43.7683,59.0214,-0.92,28,100,8.46,UZ,1702190479
497,kabwe,-14.4469,28.4464,29.48,41,19,2.16,ZM,1702190479
498,kasane,-17.8167,25.15,23.05,88,40,4.12,BW,1702190479
499,argo,37.6333,22.7333,7.1,64,99,0.71,GR,1702190480
500,rio preto da eva,-2.6994,-59.6997,23.57,93,100,0.52,BR,1702190480
501,turpan,42.9333,89.1667,4.7,61,55,1.43,CN,1702190480
502,mhamid,29.82,-5.72,14.58,45,0,1.66,MA,1702190480
503,kencong,-8.2833,113.3667,30.43,60,92,4.68,ID,1702190481
504,sake,-1.5736,29.045,21.78,84,100,0.35,CD,1702190481
505,nkove,-7.95,30.85,24.79,77,90,1.37,TZ,1702190481
506,rongelap,11.1635,166.8941,27.73,77,38,7.28,MH,1702190481
507,labytnangi,66.6572,66.4183,-29.36,100,50,1.61,RU,1702190481
508,molchanovo,57.5817,83.7692,-25.19,91,100,1.94,RU,1702190481
509,tuyum,9.9769,122.5582,28.71,73,100,5.59,PH,1702190482
510,broken hill,-31.95,141.4333,39.5,11,100,11.41,AU,1702190482
511,isla vista,34.4133,-119.861,16.01,50,0,0.0,US,1702190482
512,belmonte,-15.8631,-38.8828,23.95,87,21,1.02,BR,1702190483
513,hays,30.0502,-98.0336,10.48,48,0,4.92,US,1702190483
514,carutapera,-1.195,-46.02,26.11,85,96,2.74,BR,1702190483
515,kerikeri,-35.2268,173.9474,21.06,76,82,2.63,NZ,1702190483
516,oppdal,62.5943,9.6912,-7.65,87,100,4.49,NO,1702190346
517,ketchikan,55.3422,-131.6461,6.99,87,75,5.66,US,1702190484
518,pontianak,-0.0333,109.3333,28.99,79,75,5.14,ID,1702190484
519,sakakah,29.9697,40.2064,13.76,42,56,4.54,SA,1702190484
520,salahonda,2.1019,-78.7217,26.53,85,42,4.03,CO,1702190484
521,sao jose da coroa grande,-8.8978,-35.1478,26.26,66,100,4.21,BR,1702190484
522,san andres,12.5847,-81.7006,28.01,83,40,4.63,CO,1702190484
523,gamboula,4.1178,15.1393,23.43,70,100,0.69,CF,1702190485
524,gelnica,48.8558,20.9371,-0.38,97,100,1.97,SK,1702190485
525,morant bay,17.8815,-76.4093,26.79,84,7,3.89,JM,1702190485
526,gaspe,48.8334,-64.4819,-0.05,93,75,1.03,CA,1702190485
527,urangan,-25.3,152.9,25.11,66,48,8.88,AU,1702190485
528,constantia,44.1833,28.65,-1.62,80,18,1.03,RO,1702190485
529,formosa,-26.1775,-58.1781,22.99,98,100,3.6,AR,1702190486
530,acapulco de juarez,16.8634,-99.8901,25.9,89,75,1.03,MX,1702190396
531,inhambane,-23.865,35.3833,28.99,74,40,2.57,MZ,1702190486
532,krasnovishersk,60.4078,57.082,-27.55,95,14,0.6,RU,1702190486
533,katsuren-haebaru,26.3369,127.8719,26.43,58,40,5.14,JP,1702190486
534,tindouf,27.6711,-8.1474,13.25,41,0,2.06,DZ,1702190486
535,monaghan,54.25,-6.9667,5.87,96,100,4.5,IE,1702190486
536,laojunmiao,39.8333,97.7333,-1.55,34,91,1.61,CN,1702190487
537,olivenza,38.6832,-7.103,12.95,95,18,1.08,ES,1702190487
538,tanumah,27.1,44.1333,21.92,21,19,3.16,SA,1702190487
539,vila velha,-20.3297,-40.2925,22.97,87,40,3.09,BR,1702190487
540,afega,-13.7973,-171.8531,26.0,94,75,4.12,WS,1702190487
541,ouadda,8.0777,22.4007,27.82,27,99,1.04,CF,1702190487
542,dauphin,51.1494,-100.0502,-6.92,86,0,5.66,CA,1702190487
543,noumea,-22.2763,166.4572,26.99,63,100,7.84,NC,1702189950
544,charleston,32.7766,-79.9309,19.01,98,40,3.6,US,1702190456
545,margate,51.3813,1.3862,8.26,79,97,5.36,GB,1702190488
546,koungou,-12.7336,45.2042,30.84,74,20,5.14,YT,1702190488
547,santarem,-2.4431,-54.7083,25.07,94,20,1.03,BR,1702190488
548,contamana,-7.3333,-75.0167,22.75,92,86,0.45,PE,1702190488
549,antalaha,-14.9003,50.2788,28.64,70,93,3.24,MG,1702190488
550,langsa,4.4683,97.9683,30.82,64,97,2.56,ID,1702190488
551,kalmunai,7.4167,81.8167,28.75,73,87,3.52,LK,1702190488
552,sabzevar,36.2126,57.6819,9.6,50,0,4.12,IR,1702190488
553,montanha,-18.1269,-40.3633,21.77,92,100,3.92,BR,1702190489
554,crucecita,-28.95,-58.9833,17.08,83,16,2.56,AR,1702190489
555,leava,-14.3,-178.1667,28.09,75,53,2.92,WF,1702190489
556,pierre,44.3683,-100.351,-2.49,85,0,4.63,US,1702190489
557,ta`u,-14.2336,-169.5144,27.21,82,100,5.47,AS,1702190489
558,kuhmo,64.1333,29.5167,-12.46,93,100,3.71,FI,1702190489
559,xilin hot,43.9667,116.0333,-14.41,64,100,3.45,CN,1702190489
560,salalah,17.0151,54.0924,28.05,32,0,4.63,OM,1702190489
561,tucuma,-0.1833,-50.05,25.75,85,99,2.61,BR,1702190489
562,pathein,16.7833,94.7333,30.29,58,76,4.73,MM,1702190490
563,panghyon-dong,39.8872,125.2414,1.94,25,100,3.95,KP,1702190490
564,beira,-19.8436,34.8389,29.05,74,75,1.03,MZ,1702190490
565,alto araguaia,-17.3147,-53.2153,22.27,75,9,2.65,BR,1702190490
566,roanoke rapids,36.4615,-77.6542,16.49,100,75,2.57,US,1702190250
567,kingston,17.997,-76.7936,26.53,80,40,1.03,JM,1702190490
568,al kharj,24.155,47.3346,21.32,16,13,2.03,SA,1702190491
569,saint-pierre,-21.3393,55.4781,29.55,74,0,6.69,RE,1702190491
570,lichtenburg,-26.152,26.1597,19.91,66,100,4.85,ZA,1702190491
571,luena,-11.7833,19.9167,23.1,68,39,1.48,AO,1702190491
572,chernyshevskiy,63.0128,112.4714,-28.56,97,100,2.2,RU,1702190491
573,kruisfontein,-34.0033,24.7314,17.16,64,31,3.03,ZA,1702190491
574,tazacorte,28.629,-17.9293,18.54,90,0,4.12,ES,1702190491
575,almyros,39.1822,22.7594,7.39,81,0,2.06,GR,1702190492
576,qianzhou,28.3167,109.7167,15.0,92,100,3.51,CN,1702190492
577,igarape miri,-1.975,-48.9597,24.03,92,20,1.28,BR,1702190492
578,iquique,-20.2208,-70.1431,17.82,77,100,1.01,CL,1702190492
579,glasgow,55.8652,-4.2576,7.89,88,20,6.17,GB,1702190492
580,hafar al-batin,28.4328,45.9708,18.32,36,0,2.06,SA,1702190492
581,newman,37.3138,-121.0208,6.83,49,42,0.93,US,1702190492
582,pizarro,4.9533,-77.366,25.69,92,41,2.59,CO,1702190492
583,eket,4.6412,7.9209,26.8,82,10,1.18,NG,1702190492
584,kamba,11.8486,3.6576,21.85,15,50,2.42,NG,1702190493
585,dapa,9.7594,126.0531,28.49,75,85,3.58,PH,1702190493
586,dali,25.7,100.1833,16.63,43,1,3.63,CN,1702190493
587,haiku-pauwela,20.9219,-156.3051,25.84,78,0,6.69,US,1702190493
588,daru,-9.0763,143.2092,29.0,70,10,4.5,PG,1702190493
589,uglegorsk,49.0833,142.0333,-12.45,81,100,6.65,RU,1702190493
590,bhit shah,25.8044,68.4927,27.11,24,87,2.04,PK,1702190493
591,bandarbeyla,9.4942,50.8122,27.41,67,61,9.16,SO,1702190493
592,aconibe,1.2968,10.9369,22.33,93,100,0.97,GQ,1702190494
593,gorakhpur,29.45,75.6833,24.24,15,2,4.28,IN,1702190267
594,maur,30.0833,75.25,23.88,15,0,3.74,IN,1702190494
